<weatherdata>
<location>
<name>London</name>
<type>Capital</type>
<country>United Kingdom</country>
<timezone id="Europe/London" utcoffsetMinutes="60"/>
<location altitude="25" latitude="51.50853" longitude="-0.12574" geobase="geonames" geobaseid="2643743"/>
</location>
<credit>
 <!--
In order to use the free weather data from yr no, you HAVE to display 
the following text clearly visible on your web page. The text should be a 
link to the specified URL.
-->
 <!--
Please read more about our conditions and guidelines at http://om.yr.no/verdata/  English explanation at http://om.yr.no/verdata/free-weather-data/
-->
<link text="Weather forecast from Yr, delivered by the Norwegian Meteorological Institute and the NRK" url="http://www.yr.no/place/United_Kingdom/England/London/"/>
</credit>
<links>
<link id="xmlSource" url="http://www.yr.no/place/United_Kingdom/England/London/forecast.xml"/>
<link id="xmlSourceHourByHour" url="http://www.yr.no/place/United_Kingdom/England/London/forecast_hour_by_hour.xml"/>
<link id="overview" url="http://www.yr.no/place/United_Kingdom/England/London/"/>
<link id="hourByHour" url="http://www.yr.no/place/United_Kingdom/England/London/hour_by_hour"/>
<link id="longTermForecast" url="http://www.yr.no/place/United_Kingdom/England/London/long"/>
</links>
<meta>
<lastupdate>2019-05-26T20:36:00</lastupdate>
<nextupdate>2019-05-27T09:00:00</nextupdate>
</meta>
<sun rise="2019-05-27T04:53:58" set="2019-05-27T21:01:51"/>
<forecast>
<tabular>
<time from="2019-05-27T09:00:00" to="2019-05-27T10:00:00">
 <!--
 Valid from 2019-05-27T09:00:00 to 2019-05-27T10:00:00 
-->
<symbol number="3" numberEx="3" name="Partly cloudy" var="03d"/>
<precipitation value="0"/>
 <!--  Valid at 2019-05-27T09:00:00  -->
<windDirection deg="254.0" code="WSW" name="West-southwest"/>
<windSpeed mps="4.0" name="Gentle breeze"/>
<temperature unit="celsius" value="14"/>
<pressure unit="hPa" value="1011.2"/>
</time>
<time from="2019-05-27T10:00:00" to="2019-05-27T11:00:00">
 <!--
 Valid from 2019-05-27T10:00:00 to 2019-05-27T11:00:00 
-->
<symbol number="2" numberEx="2" name="Fair" var="02d"/>
<precipitation value="0"/>
 <!--  Valid at 2019-05-27T10:00:00  -->
<windDirection deg="253.5" code="WSW" name="West-southwest"/>
<windSpeed mps="4.6" name="Gentle breeze"/>
<temperature unit="celsius" value="14"/>
<pressure unit="hPa" value="1011.1"/>
</time>
<time from="2019-05-27T11:00:00" to="2019-05-27T12:00:00">
 <!--
 Valid from 2019-05-27T11:00:00 to 2019-05-27T12:00:00 
-->
<symbol number="4" numberEx="4" name="Cloudy" var="04"/>
<precipitation value="0"/>
 <!--  Valid at 2019-05-27T11:00:00  -->
<windDirection deg="259.7" code="W" name="West"/>
<windSpeed mps="5.5" name="Moderate breeze"/>
<temperature unit="celsius" value="17"/>
<pressure unit="hPa" value="1010.7"/>
</time>
<time from="2019-05-27T12:00:00" to="2019-05-27T13:00:00">
 <!--
 Valid from 2019-05-27T12:00:00 to 2019-05-27T13:00:00 
-->
<symbol number="4" numberEx="4" name="Cloudy" var="04"/>
<precipitation value="0"/>
 <!--  Valid at 2019-05-27T12:00:00  -->
<windDirection deg="268.4" code="W" name="West"/>
<windSpeed mps="6.5" name="Moderate breeze"/>
<temperature unit="celsius" value="18"/>
<pressure unit="hPa" value="1010.1"/>
</time>
<time from="2019-05-27T13:00:00" to="2019-05-27T14:00:00">
 <!--
 Valid from 2019-05-27T13:00:00 to 2019-05-27T14:00:00 
-->
<symbol number="4" numberEx="4" name="Cloudy" var="04"/>
<precipitation value="0"/>
 <!--  Valid at 2019-05-27T13:00:00  -->
<windDirection deg="272.0" code="W" name="West"/>
<windSpeed mps="7.0" name="Moderate breeze"/>
<temperature unit="celsius" value="17"/>
<pressure unit="hPa" value="1009.7"/>
</time>
<time from="2019-05-27T14:00:00" to="2019-05-27T15:00:00">
 <!--
 Valid from 2019-05-27T14:00:00 to 2019-05-27T15:00:00 
-->
<symbol number="4" numberEx="4" name="Cloudy" var="04"/>
<precipitation value="0"/>
 <!--  Valid at 2019-05-27T14:00:00  -->
<windDirection deg="262.5" code="W" name="West"/>
<windSpeed mps="6.6" name="Moderate breeze"/>
<temperature unit="celsius" value="18"/>
<pressure unit="hPa" value="1009.5"/>
</time>
<time from="2019-05-27T15:00:00" to="2019-05-27T16:00:00">
 <!--
 Valid from 2019-05-27T15:00:00 to 2019-05-27T16:00:00 
-->
<symbol number="4" numberEx="4" name="Cloudy" var="04"/>
<precipitation value="0"/>
 <!--  Valid at 2019-05-27T15:00:00  -->
<windDirection deg="270.6" code="W" name="West"/>
<windSpeed mps="6.9" name="Moderate breeze"/>
<temperature unit="celsius" value="18"/>
<pressure unit="hPa" value="1009.2"/>
</time>
<time from="2019-05-27T16:00:00" to="2019-05-27T17:00:00">
 <!--
 Valid from 2019-05-27T16:00:00 to 2019-05-27T17:00:00 
-->
<symbol number="4" numberEx="4" name="Cloudy" var="04"/>
<precipitation value="0"/>
 <!--  Valid at 2019-05-27T16:00:00  -->
<windDirection deg="275.6" code="W" name="West"/>
<windSpeed mps="6.1" name="Moderate breeze"/>
<temperature unit="celsius" value="17"/>
<pressure unit="hPa" value="1009.1"/>
</time>
<time from="2019-05-27T17:00:00" to="2019-05-27T18:00:00">
 <!--
 Valid from 2019-05-27T17:00:00 to 2019-05-27T18:00:00 
-->
<symbol number="4" numberEx="4" name="Cloudy" var="04"/>
<precipitation value="0"/>
 <!--  Valid at 2019-05-27T17:00:00  -->
<windDirection deg="274.8" code="W" name="West"/>
<windSpeed mps="5.7" name="Moderate breeze"/>
<temperature unit="celsius" value="18"/>
<pressure unit="hPa" value="1008.7"/>
</time>
<time from="2019-05-27T18:00:00" to="2019-05-27T19:00:00">
 <!--
 Valid from 2019-05-27T18:00:00 to 2019-05-27T19:00:00 
-->
<symbol number="3" numberEx="3" name="Partly cloudy" var="03d"/>
<precipitation value="0"/>
 <!--  Valid at 2019-05-27T18:00:00  -->
<windDirection deg="262.8" code="W" name="West"/>
<windSpeed mps="6.5" name="Moderate breeze"/>
<temperature unit="celsius" value="16"/>
<pressure unit="hPa" value="1008.9"/>
</time>
<time from="2019-05-27T19:00:00" to="2019-05-27T20:00:00">
 <!--
 Valid from 2019-05-27T19:00:00 to 2019-05-27T20:00:00 
-->
<symbol number="3" numberEx="3" name="Partly cloudy" var="03d"/>
<precipitation value="0"/>
 <!--  Valid at 2019-05-27T19:00:00  -->
<windDirection deg="265.3" code="W" name="West"/>
<windSpeed mps="5.5" name="Moderate breeze"/>
<temperature unit="celsius" value="15"/>
<pressure unit="hPa" value="1008.6"/>
</time>
<time from="2019-05-27T20:00:00" to="2019-05-27T21:00:00">
 <!--
 Valid from 2019-05-27T20:00:00 to 2019-05-27T21:00:00 
-->
<symbol number="3" numberEx="3" name="Partly cloudy" var="03d"/>
<precipitation value="0"/>
 <!--  Valid at 2019-05-27T20:00:00  -->
<windDirection deg="264.9" code="W" name="West"/>
<windSpeed mps="4.9" name="Gentle breeze"/>
<temperature unit="celsius" value="15"/>
<pressure unit="hPa" value="1008.4"/>
</time>
<time from="2019-05-27T21:00:00" to="2019-05-27T22:00:00">
 <!--
 Valid from 2019-05-27T21:00:00 to 2019-05-27T22:00:00 
-->
<symbol number="3" numberEx="3" name="Partly cloudy" var="03d"/>
<precipitation value="0"/>
 <!--  Valid at 2019-05-27T21:00:00  -->
<windDirection deg="271.1" code="W" name="West"/>
<windSpeed mps="4.1" name="Gentle breeze"/>
<temperature unit="celsius" value="14"/>
<pressure unit="hPa" value="1008.7"/>
</time>
<time from="2019-05-27T22:00:00" to="2019-05-27T23:00:00">
 <!--
 Valid from 2019-05-27T22:00:00 to 2019-05-27T23:00:00 
-->
<symbol number="3" numberEx="3" name="Partly cloudy" var="03n"/>
<precipitation value="0"/>
 <!--  Valid at 2019-05-27T22:00:00  -->
<windDirection deg="269.4" code="W" name="West"/>
<windSpeed mps="4.0" name="Gentle breeze"/>
<temperature unit="celsius" value="13"/>
<pressure unit="hPa" value="1009.0"/>
</time>
<time from="2019-05-27T23:00:00" to="2019-05-28T00:00:00">
 <!--
 Valid from 2019-05-27T23:00:00 to 2019-05-28T00:00:00 
-->
<symbol number="2" numberEx="2" name="Fair" var="02n"/>
<precipitation value="0"/>
 <!--  Valid at 2019-05-27T23:00:00  -->
<windDirection deg="264.0" code="W" name="West"/>
<windSpeed mps="3.0" name="Light breeze"/>
<temperature unit="celsius" value="12"/>
<pressure unit="hPa" value="1009.0"/>
</time>
<time from="2019-05-28T00:00:00" to="2019-05-28T01:00:00">
 <!--
 Valid from 2019-05-28T00:00:00 to 2019-05-28T01:00:00 
-->
<symbol number="3" numberEx="3" name="Partly cloudy" var="03n"/>
<precipitation value="0"/>
 <!--  Valid at 2019-05-28T00:00:00  -->
<windDirection deg="254.6" code="WSW" name="West-southwest"/>
<windSpeed mps="2.7" name="Light breeze"/>
<temperature unit="celsius" value="11"/>
<pressure unit="hPa" value="1008.9"/>
</time>
<time from="2019-05-28T01:00:00" to="2019-05-28T02:00:00">
 <!--
 Valid from 2019-05-28T01:00:00 to 2019-05-28T02:00:00 
-->
<symbol number="1" numberEx="1" name="Clear sky" var="01n"/>
<precipitation value="0"/>
 <!--  Valid at 2019-05-28T01:00:00  -->
<windDirection deg="254.7" code="WSW" name="West-southwest"/>
<windSpeed mps="2.7" name="Light breeze"/>
<temperature unit="celsius" value="11"/>
<pressure unit="hPa" value="1008.7"/>
</time>
<time from="2019-05-28T02:00:00" to="2019-05-28T03:00:00">
 <!--
 Valid from 2019-05-28T02:00:00 to 2019-05-28T03:00:00 
-->
<symbol number="2" numberEx="2" name="Fair" var="02n"/>
<precipitation value="0"/>
 <!--  Valid at 2019-05-28T02:00:00  -->
<windDirection deg="257.2" code="WSW" name="West-southwest"/>
<windSpeed mps="2.7" name="Light breeze"/>
<temperature unit="celsius" value="10"/>
<pressure unit="hPa" value="1008.6"/>
</time>
<time from="2019-05-28T03:00:00" to="2019-05-28T04:00:00">
 <!--
 Valid from 2019-05-28T03:00:00 to 2019-05-28T04:00:00 
-->
<symbol number="2" numberEx="2" name="Fair" var="02n"/>
<precipitation value="0"/>
 <!--  Valid at 2019-05-28T03:00:00  -->
<windDirection deg="262.8" code="W" name="West"/>
<windSpeed mps="2.5" name="Light breeze"/>
<temperature unit="celsius" value="9"/>
<pressure unit="hPa" value="1008.5"/>
</time>
<time from="2019-05-28T04:00:00" to="2019-05-28T05:00:00">
 <!--
 Valid from 2019-05-28T04:00:00 to 2019-05-28T05:00:00 
-->
<symbol number="2" numberEx="2" name="Fair" var="02n"/>
<precipitation value="0"/>
 <!--  Valid at 2019-05-28T04:00:00  -->
<windDirection deg="266.8" code="W" name="West"/>
<windSpeed mps="2.4" name="Light breeze"/>
<temperature unit="celsius" value="9"/>
<pressure unit="hPa" value="1008.4"/>
</time>
<time from="2019-05-28T05:00:00" to="2019-05-28T06:00:00">
 <!--
 Valid from 2019-05-28T05:00:00 to 2019-05-28T06:00:00 
-->
<symbol number="2" numberEx="2" name="Fair" var="02d"/>
<precipitation value="0"/>
 <!--  Valid at 2019-05-28T05:00:00  -->
<windDirection deg="275.7" code="W" name="West"/>
<windSpeed mps="2.3" name="Light breeze"/>
<temperature unit="celsius" value="8"/>
<pressure unit="hPa" value="1008.6"/>
</time>
<time from="2019-05-28T06:00:00" to="2019-05-28T07:00:00">
 <!--
 Valid from 2019-05-28T06:00:00 to 2019-05-28T07:00:00 
-->
<symbol number="2" numberEx="2" name="Fair" var="02d"/>
<precipitation value="0"/>
 <!--  Valid at 2019-05-28T06:00:00  -->
<windDirection deg="281.2" code="W" name="West"/>
<windSpeed mps="2.9" name="Light breeze"/>
<temperature unit="celsius" value="9"/>
<pressure unit="hPa" value="1009.0"/>
</time>
<time from="2019-05-28T07:00:00" to="2019-05-28T08:00:00">
 <!--
 Valid from 2019-05-28T07:00:00 to 2019-05-28T08:00:00 
-->
<symbol number="3" numberEx="3" name="Partly cloudy" var="03d"/>
<precipitation value="0"/>
 <!--  Valid at 2019-05-28T07:00:00  -->
<windDirection deg="295.1" code="WNW" name="West-northwest"/>
<windSpeed mps="2.6" name="Light breeze"/>
<temperature unit="celsius" value="10"/>
<pressure unit="hPa" value="1009.2"/>
</time>
<time from="2019-05-28T08:00:00" to="2019-05-28T09:00:00">
 <!--
 Valid from 2019-05-28T08:00:00 to 2019-05-28T09:00:00 
-->
<symbol number="4" numberEx="4" name="Cloudy" var="04"/>
<precipitation value="0"/>
 <!--  Valid at 2019-05-28T08:00:00  -->
<windDirection deg="312.9" code="NW" name="Northwest"/>
<windSpeed mps="3.0" name="Light breeze"/>
<temperature unit="celsius" value="12"/>
<pressure unit="hPa" value="1009.6"/>
</time>
<time from="2019-05-28T09:00:00" to="2019-05-28T10:00:00">
 <!--
 Valid from 2019-05-28T09:00:00 to 2019-05-28T10:00:00 
-->
<symbol number="5" numberEx="40" name="Light rain showers" var="40d"/>
<precipitation value="0.2"/>
 <!--  Valid at 2019-05-28T09:00:00  -->
<windDirection deg="313.8" code="NW" name="Northwest"/>
<windSpeed mps="2.6" name="Light breeze"/>
<temperature unit="celsius" value="13"/>
<pressure unit="hPa" value="1009.9"/>
</time>
<time from="2019-05-28T10:00:00" to="2019-05-28T11:00:00">
 <!--
 Valid from 2019-05-28T10:00:00 to 2019-05-28T11:00:00 
-->
<symbol number="5" numberEx="5" name="Rain showers" var="05d"/>
<precipitation value="0.3"/>
 <!--  Valid at 2019-05-28T10:00:00  -->
<windDirection deg="319.6" code="NW" name="Northwest"/>
<windSpeed mps="2.5" name="Light breeze"/>
<temperature unit="celsius" value="14"/>
<pressure unit="hPa" value="1010.4"/>
</time>
<time from="2019-05-28T11:00:00" to="2019-05-28T12:00:00">
 <!--
 Valid from 2019-05-28T11:00:00 to 2019-05-28T12:00:00 
-->
<symbol number="5" numberEx="5" name="Rain showers" var="05d"/>
<precipitation value="0.6"/>
 <!--  Valid at 2019-05-28T11:00:00  -->
<windDirection deg="337.9" code="NNW" name="North-northwest"/>
<windSpeed mps="2.8" name="Light breeze"/>
<temperature unit="celsius" value="14"/>
<pressure unit="hPa" value="1010.7"/>
</time>
<time from="2019-05-28T12:00:00" to="2019-05-28T13:00:00">
 <!--
 Valid from 2019-05-28T12:00:00 to 2019-05-28T13:00:00 
-->
<symbol number="5" numberEx="5" name="Rain showers" var="05d"/>
<precipitation value="0.3"/>
 <!--  Valid at 2019-05-28T12:00:00  -->
<windDirection deg="353.5" code="N" name="North"/>
<windSpeed mps="3.6" name="Gentle breeze"/>
<temperature unit="celsius" value="15"/>
<pressure unit="hPa" value="1011.1"/>
</time>
<time from="2019-05-28T13:00:00" to="2019-05-28T14:00:00">
 <!--
 Valid from 2019-05-28T13:00:00 to 2019-05-28T14:00:00 
-->
<symbol number="3" numberEx="3" name="Partly cloudy" var="03d"/>
<precipitation value="0"/>
 <!--  Valid at 2019-05-28T13:00:00  -->
<windDirection deg="357.3" code="N" name="North"/>
<windSpeed mps="2.5" name="Light breeze"/>
<temperature unit="celsius" value="15"/>
<pressure unit="hPa" value="1011.5"/>
</time>
<time from="2019-05-28T14:00:00" to="2019-05-28T15:00:00">
 <!--
 Valid from 2019-05-28T14:00:00 to 2019-05-28T15:00:00 
-->
<symbol number="5" numberEx="5" name="Rain showers" var="05d"/>
<precipitation value="0.3"/>
 <!--  Valid at 2019-05-28T14:00:00  -->
<windDirection deg="340.5" code="NNW" name="North-northwest"/>
<windSpeed mps="4.4" name="Gentle breeze"/>
<temperature unit="celsius" value="15"/>
<pressure unit="hPa" value="1011.7"/>
</time>
<time from="2019-05-28T15:00:00" to="2019-05-28T16:00:00">
 <!--
 Valid from 2019-05-28T15:00:00 to 2019-05-28T16:00:00 
-->
<symbol number="3" numberEx="3" name="Partly cloudy" var="03d"/>
<precipitation value="0"/>
 <!--  Valid at 2019-05-28T15:00:00  -->
<windDirection deg="348.9" code="N" name="North"/>
<windSpeed mps="3.4" name="Gentle breeze"/>
<temperature unit="celsius" value="16"/>
<pressure unit="hPa" value="1012.2"/>
</time>
<time from="2019-05-28T16:00:00" to="2019-05-28T17:00:00">
 <!--
 Valid from 2019-05-28T16:00:00 to 2019-05-28T17:00:00 
-->
<symbol number="3" numberEx="3" name="Partly cloudy" var="03d"/>
<precipitation value="0"/>
 <!--  Valid at 2019-05-28T16:00:00  -->
<windDirection deg="340.3" code="NNW" name="North-northwest"/>
<windSpeed mps="3.7" name="Gentle breeze"/>
<temperature unit="celsius" value="16"/>
<pressure unit="hPa" value="1012.9"/>
</time>
<time from="2019-05-28T17:00:00" to="2019-05-28T18:00:00">
 <!--
 Valid from 2019-05-28T17:00:00 to 2019-05-28T18:00:00 
-->
<symbol number="2" numberEx="2" name="Fair" var="02d"/>
<precipitation value="0"/>
 <!--  Valid at 2019-05-28T17:00:00  -->
<windDirection deg="346.5" code="NNW" name="North-northwest"/>
<windSpeed mps="4.1" name="Gentle breeze"/>
<temperature unit="celsius" value="15"/>
<pressure unit="hPa" value="1013.6"/>
</time>
<time from="2019-05-28T18:00:00" to="2019-05-28T19:00:00">
 <!--
 Valid from 2019-05-28T18:00:00 to 2019-05-28T19:00:00 
-->
<symbol number="2" numberEx="2" name="Fair" var="02d"/>
<precipitation value="0"/>
 <!--  Valid at 2019-05-28T18:00:00  -->
<windDirection deg="13.0" code="NNE" name="North-northeast"/>
<windSpeed mps="3.4" name="Gentle breeze"/>
<temperature unit="celsius" value="15"/>
<pressure unit="hPa" value="1014.3"/>
</time>
<time from="2019-05-28T19:00:00" to="2019-05-28T20:00:00">
 <!--
 Valid from 2019-05-28T19:00:00 to 2019-05-28T20:00:00 
-->
<symbol number="3" numberEx="3" name="Partly cloudy" var="03d"/>
<precipitation value="0"/>
 <!--  Valid at 2019-05-28T19:00:00  -->
<windDirection deg="20.2" code="NNE" name="North-northeast"/>
<windSpeed mps="3.5" name="Gentle breeze"/>
<temperature unit="celsius" value="14"/>
<pressure unit="hPa" value="1015.1"/>
</time>
<time from="2019-05-28T20:00:00" to="2019-05-28T21:00:00">
 <!--
 Valid from 2019-05-28T20:00:00 to 2019-05-28T21:00:00 
-->
<symbol number="3" numberEx="3" name="Partly cloudy" var="03d"/>
<precipitation value="0"/>
 <!--  Valid at 2019-05-28T20:00:00  -->
<windDirection deg="33.5" code="NNE" name="North-northeast"/>
<windSpeed mps="2.1" name="Light breeze"/>
<temperature unit="celsius" value="14"/>
<pressure unit="hPa" value="1015.8"/>
</time>
<time from="2019-05-28T21:00:00" to="2019-05-28T22:00:00">
 <!--
 Valid from 2019-05-28T21:00:00 to 2019-05-28T22:00:00 
-->
<symbol number="2" numberEx="2" name="Fair" var="02d"/>
<precipitation value="0"/>
 <!--  Valid at 2019-05-28T21:00:00  -->
<windDirection deg="71.9" code="ENE" name="East-northeast"/>
<windSpeed mps="1.2" name="Light air"/>
<temperature unit="celsius" value="12"/>
<pressure unit="hPa" value="1016.7"/>
</time>
<time from="2019-05-28T22:00:00" to="2019-05-28T23:00:00">
 <!--
 Valid from 2019-05-28T22:00:00 to 2019-05-28T23:00:00 
-->
<symbol number="2" numberEx="2" name="Fair" var="02n"/>
<precipitation value="0"/>
 <!--  Valid at 2019-05-28T22:00:00  -->
<windDirection deg="99.9" code="E" name="East"/>
<windSpeed mps="1.6" name="Light breeze"/>
<temperature unit="celsius" value="11"/>
<pressure unit="hPa" value="1017.5"/>
</time>
<time from="2019-05-28T23:00:00" to="2019-05-29T00:00:00">
 <!--
 Valid from 2019-05-28T23:00:00 to 2019-05-29T00:00:00 
-->
<symbol number="2" numberEx="2" name="Fair" var="02n"/>
<precipitation value="0"/>
 <!--  Valid at 2019-05-28T23:00:00  -->
<windDirection deg="133.8" code="SE" name="Southeast"/>
<windSpeed mps="1.6" name="Light breeze"/>
<temperature unit="celsius" value="11"/>
<pressure unit="hPa" value="1018.1"/>
</time>
<time from="2019-05-29T00:00:00" to="2019-05-29T01:00:00">
 <!--
 Valid from 2019-05-29T00:00:00 to 2019-05-29T01:00:00 
-->
<symbol number="2" numberEx="2" name="Fair" var="02n"/>
<precipitation value="0"/>
 <!--  Valid at 2019-05-29T00:00:00  -->
<windDirection deg="165.5" code="SSE" name="South-southeast"/>
<windSpeed mps="1.7" name="Light breeze"/>
<temperature unit="celsius" value="10"/>
<pressure unit="hPa" value="1018.6"/>
</time>
<time from="2019-05-29T01:00:00" to="2019-05-29T02:00:00">
 <!--
 Valid from 2019-05-29T01:00:00 to 2019-05-29T02:00:00 
-->
<symbol number="1" numberEx="1" name="Clear sky" var="01n"/>
<precipitation value="0"/>
 <!--  Valid at 2019-05-29T01:00:00  -->
<windDirection deg="227.4" code="SW" name="Southwest"/>
<windSpeed mps="1.8" name="Light breeze"/>
<temperature unit="celsius" value="9"/>
<pressure unit="hPa" value="1019.0"/>
</time>
<time from="2019-05-29T02:00:00" to="2019-05-29T03:00:00">
 <!--
 Valid from 2019-05-29T02:00:00 to 2019-05-29T03:00:00 
-->
<symbol number="1" numberEx="1" name="Clear sky" var="01n"/>
<precipitation value="0"/>
 <!--  Valid at 2019-05-29T02:00:00  -->
<windDirection deg="261.5" code="W" name="West"/>
<windSpeed mps="1.6" name="Light breeze"/>
<temperature unit="celsius" value="8"/>
<pressure unit="hPa" value="1019.2"/>
</time>
<time from="2019-05-29T03:00:00" to="2019-05-29T04:00:00">
 <!--
 Valid from 2019-05-29T03:00:00 to 2019-05-29T04:00:00 
-->
<symbol number="2" numberEx="2" name="Fair" var="02n"/>
<precipitation value="0"/>
 <!--  Valid at 2019-05-29T03:00:00  -->
<windDirection deg="289.2" code="WNW" name="West-northwest"/>
<windSpeed mps="1.6" name="Light breeze"/>
<temperature unit="celsius" value="8"/>
<pressure unit="hPa" value="1019.6"/>
</time>
<time from="2019-05-29T04:00:00" to="2019-05-29T05:00:00">
 <!--
 Valid from 2019-05-29T04:00:00 to 2019-05-29T05:00:00 
-->
<symbol number="3" numberEx="3" name="Partly cloudy" var="03n"/>
<precipitation value="0"/>
 <!--  Valid at 2019-05-29T04:00:00  -->
<windDirection deg="278.1" code="W" name="West"/>
<windSpeed mps="1.8" name="Light breeze"/>
<temperature unit="celsius" value="7"/>
<pressure unit="hPa" value="1019.9"/>
</time>
<time from="2019-05-29T05:00:00" to="2019-05-29T06:00:00">
 <!--
 Valid from 2019-05-29T05:00:00 to 2019-05-29T06:00:00 
-->
<symbol number="2" numberEx="2" name="Fair" var="02d"/>
<precipitation value="0"/>
 <!--  Valid at 2019-05-29T05:00:00  -->
<windDirection deg="254.0" code="WSW" name="West-southwest"/>
<windSpeed mps="1.3" name="Light air"/>
<temperature unit="celsius" value="7"/>
<pressure unit="hPa" value="1020.3"/>
</time>
<time from="2019-05-29T06:00:00" to="2019-05-29T07:00:00">
 <!--
 Valid from 2019-05-29T06:00:00 to 2019-05-29T07:00:00 
-->
<symbol number="2" numberEx="2" name="Fair" var="02d"/>
<precipitation value="0"/>
 <!--  Valid at 2019-05-29T06:00:00  -->
<windDirection deg="253.4" code="WSW" name="West-southwest"/>
<windSpeed mps="1.8" name="Light breeze"/>
<temperature unit="celsius" value="8"/>
<pressure unit="hPa" value="1020.7"/>
</time>
<time from="2019-05-29T07:00:00" to="2019-05-29T08:00:00">
 <!--
 Valid from 2019-05-29T07:00:00 to 2019-05-29T08:00:00 
-->
<symbol number="2" numberEx="2" name="Fair" var="02d"/>
<precipitation value="0"/>
 <!--  Valid at 2019-05-29T07:00:00  -->
<windDirection deg="254.1" code="WSW" name="West-southwest"/>
<windSpeed mps="1.7" name="Light breeze"/>
<temperature unit="celsius" value="9"/>
<pressure unit="hPa" value="1021.0"/>
</time>
<time from="2019-05-29T08:00:00" to="2019-05-29T09:00:00">
 <!--
 Valid from 2019-05-29T08:00:00 to 2019-05-29T09:00:00 
-->
<symbol number="3" numberEx="3" name="Partly cloudy" var="03d"/>
<precipitation value="0"/>
 <!--  Valid at 2019-05-29T08:00:00  -->
<windDirection deg="261.6" code="W" name="West"/>
<windSpeed mps="2.0" name="Light breeze"/>
<temperature unit="celsius" value="11"/>
<pressure unit="hPa" value="1021.4"/>
</time>
</tabular>
</forecast>
</weatherdata>